{"Id":4,"Title":"欢迎使用 Fxh.Go","Slug":"welcome-fxh-go","Text":"如果您看到这篇文章,表示您的 blog 已经安装成功.","Tags":["Fxh.Go"],"CreateTime":1539680412,"EditTime":1539680412,"UpdateTime":1539680412,"IsComment":true,"IsLinked":false,"AuthorId":3,"Template":"blog.html","Type":"article","Status":"publish","Format":"markdown","Comments":[{"Id":5,"Author":"管理员","Email":"admin@example.com","Url":"http://example.com/","Avatar":"http://1.gravatar.com/avatar/e64c7d89f26bd1972efa854d13d7dd61?s=50","Content":"欢迎加入使用 Fxh.Go","CreateTime":1539680412,"Cid":4,"Pid":0,"Status":"approved","Ip":"127.0.0.1","UserAgent":"Mozilla/5.0 (Windows NT 6.1) AppleWebKit/537.17 (KHTML, like Gecko) Chrome/24.0.1312.57 Safari/537.17","IsAdmin":true},{"Id":9,"Author":"18381843483","Email":"1624649818@qq.com","Url":"#","Avatar":"http://1.gravatar.com/avatar/6a4433c88a97f0d09eb6e0a52bab7f22?s=50","Content":"jhhj欢迎加入使用 F","CreateTime":1540044319,"Cid":4,"Pid":0,"Status":"approved","Ip":"127.0.0.1","UserAgent":"Mozilla/5.0 (X11; Ubuntu; Linux x86_64; rv:62.0) Gecko/20100101 Firefox/62.0","IsAdmin":false},{"Id":11,"Author":"18381843483","Email":"1624649818@qq.com","Url":"#","Avatar":"http://1.gravatar.com/avatar/6a4433c88a97f0d09eb6e0a52bab7f22?s=50","Content":"jjkk","CreateTime":1540044577,"Cid":4,"Pid":0,"Status":"approved","Ip":"127.0.0.1","UserAgent":"Mozilla/5.0 (X11; Ubuntu; Linux x86_64; rv:62.0) Gecko/20100101 Firefox/62.0","IsAdmin":false},{"Id":15,"Author":"18381843483","Email":"1624649818@qq.com","Url":"#","Avatar":"http://1.gravatar.com/avatar/6a4433c88a97f0d09eb6e0a52bab7f22?s=50","Content":"jjkk76677","CreateTime":1540044847,"Cid":4,"Pid":0,"Status":"approved","Ip":"127.0.0.1","UserAgent":"Mozilla/5.0 (X11; Ubuntu; Linux x86_64; rv:62.0) Gecko/20100101 Firefox/62.0","IsAdmin":false},{"Id":16,"Author":"18381843483","Email":"1624649818@qq.com","Url":"#","Avatar":"http://1.gravatar.com/avatar/6a4433c88a97f0d09eb6e0a52bab7f22?s=50","Content":"ggghggh","CreateTime":1540044888,"Cid":4,"Pid":0,"Status":"approved","Ip":"127.0.0.1","UserAgent":"Mozilla/5.0 (X11; Ubuntu; Linux x86_64; rv:62.0) Gecko/20100101 Firefox/62.0","IsAdmin":false},{"Id":20,"Author":"18381843483","Email":"1624649818@qq.com","Url":"#","Avatar":"http://1.gravatar.com/avatar/6a4433c88a97f0d09eb6e0a52bab7f22?s=50","Content":"jj","CreateTime":1540045099,"Cid":4,"Pid":0,"Status":"approved","Ip":"127.0.0.1","UserAgent":"Mozilla/5.0 (X11; Ubuntu; Linux x86_64; rv:62.0) Gecko/20100101 Firefox/62.0","IsAdmin":false},{"Id":23,"Author":"18381843483","Email":"1624649818@qq.com","Url":"#","Avatar":"http://1.gravatar.com/avatar/6a4433c88a97f0d09eb6e0a52bab7f22?s=50","Content":"hjbjbj","CreateTime":1540045954,"Cid":4,"Pid":0,"Status":"approved","Ip":"127.0.0.1","UserAgent":"Mozilla/5.0 (X11; Ubuntu; Linux x86_64; rv:62.0) Gecko/20100101 Firefox/62.0","IsAdmin":false},{"Id":101,"Author":"18381843483","Email":"1624649818@qq.com","Url":"#","Avatar":"http://1.gravatar.com/avatar/6a4433c88a97f0d09eb6e0a52bab7f22?s=50","Content":"行行行行","CreateTime":1540053786,"Cid":4,"Pid":0,"Status":"approved","Ip":"127.0.0.1","UserAgent":"Mozilla/5.0 (X11; Ubuntu; Linux x86_64; rv:62.0) Gecko/20100101 Firefox/62.0","IsAdmin":false},{"Id":103,"Author":"18381843483","Email":"1624649818@qq.com","Url":"#","Avatar":"http://1.gravatar.com/avatar/6a4433c88a97f0d09eb6e0a52bab7f22?s=50","Content":"jjj蒯库","CreateTime":1540055245,"Cid":4,"Pid":0,"Status":"approved","Ip":"127.0.0.1","UserAgent":"Mozilla/5.0 (X11; Ubuntu; Linux x86_64; rv:62.0) Gecko/20100101 Firefox/62.0","IsAdmin":false}],"Hits":14}